<?xml version="1.0"?>
<config xmlns:xsi="http://www.w3.org/2001/XMLSchema-instance" xsi:noNamespaceSchemaLocation="urn:magento:framework:ObjectManager/etc/config.xsd">
	<preference for="Amasty\Orderattr\Block\Adminhtml\Attribute\Edit\Tab\Options\Options" type="Dcw\Override\Block\Adminhtml\Attribute\Edit\Tab\Options\Options" />
	<preference for="Amasty\Orderattr\Block\Adminhtml\Order\View\Attributes" type="Dcw\Override\Block\Adminhtml\Order\View\Attributes" />
	<!-- <preference for="Magezon\CustomerAttachments\Block\Adminhtml\Customer\Edit\Attachments" type="Dcw\Override\Block\Adminhtml\Customer\Edit\Attachments" /> -->
	<!-- <type name="Magento\Catalog\Controller\Adminhtml\Product\Initialization\Helper">
        <plugin name="Bundle" disabled="true" />
        <plugin name="Homeo_Mods_Bundle" type="Vendor\Module\Plugin\AdminHelperBundle" sortOrder="60" disabled="false"/>
    </type> -->
    <type name="Magento\Sales\Block\Adminhtml\Order\View\Info">
    <plugin name="Amasty_Orderattr::OrderEditAttributesList" disabled="true" />
</type>
<type name="Magento\Sales\Block\Adminhtml\Order\View\Info">
    <plugin disabled="false" name="OrderView" type="Dcw\Override\Block\Adminhtml\Order\Plugin\OrderView" sortOrder="1" />
</type>
</config>
