<?xml version="1.0"?>
<config xmlns:xsi="http://www.w3.org/2001/XMLSchema-instance" xsi:noNamespaceSchemaLocation="urn:magento:module:Magento_Config:etc/system_file.xsd">
    <system>
        <tab id="dcw" translate="label" sortOrder="10">
            <label>Dcw</label>
        </tab>
        <section id="generalconfiguration" translate="label" sortOrder="130" showInDefault="1" showInWebsite="1" showInStore="1">
            <class>separator-top</class>
            <label>General</label>
            <tab>dcw</tab>
            <resource>Dcw_FeaturedProducts::general_configuration</resource>
            <group id="settings" translate="label" type="text" sortOrder="10" showInDefault="1" showInWebsite="0" showInStore="0">
                <label>General Configuration</label>
                <field id="category_id" translate="label" type="text" sortOrder="1" showInDefault="1" showInWebsite="0" showInStore="0">
                    <label>Featured Category Id</label>
                </field>

            </group>
        </section>
    </system>
</config>
