<?xml version="1.0"?>
<config xmlns:xsi="http://www.w3.org/2001/XMLSchema-instance" xsi:noNamespaceSchemaLocation="urn:magento:framework:ObjectManager/etc/config.xsd">
    <virtualType name="Aheadworks\Blog\Controller\Adminhtml\Category\PostDataProcessor"
                 type="Aheadworks\Blog\Model\Data\Processor\Composite">
        <arguments>
            <argument name="processors" xsi:type="array">
                <item name="store_ids" xsi:type="object">Aheadworks\Blog\Model\Data\Processor\Category\StoreIds</item>
                <item name="image_file_name" xsi:type="object">Aheadworks\Blog\Model\Data\Processor\Category\ImageFileName</item>
            </argument>
        </arguments>
    </virtualType>
    <type name="Aheadworks\Blog\Controller\Adminhtml\Category\Save">
        <arguments>
            <argument name="postDataProcessor" xsi:type="object">Aheadworks\Blog\Controller\Adminhtml\Category\PostDataProcessor</argument>
        </arguments>
    </type>

    <virtualType name="Aheadworks\Blog\Ui\DataProvider\CategoryDataProvider\ModifierPool"
                 type="Magento\Ui\DataProvider\Modifier\Pool">
        <arguments>
            <argument name="modifiers" xsi:type="array">
                <item name="image_data" xsi:type="array">
                    <item name="class" xsi:type="string">Aheadworks\Blog\Ui\DataProvider\Modifier\Category\ImageData</item>
                    <item name="sortOrder" xsi:type="number">10</item>
                </item>
            </argument>
        </arguments>
    </virtualType>
    <type name="Aheadworks\Blog\Ui\DataProvider\CategoryDataProvider">
        <arguments>
            <argument name="modifierPool" xsi:type="object">Aheadworks\Blog\Ui\DataProvider\CategoryDataProvider\ModifierPool</argument>
        </arguments>
    </type>
</config>