<?xml version="1.0"?>
<config xmlns:xsi="http://www.w3.org/2001/XMLSchema-instance" xsi:noNamespaceSchemaLocation="urn:magento:module:Magento_Config:etc/system_file.xsd">
    <system>
        <tab id="aheadworks" translate="label" sortOrder="300">
            <label>Aheadworks Extensions</label>
        </tab>
        <section id="aw_blog" translate="label" type="text" sortOrder="140" showInDefault="1" showInWebsite="1" showInStore="1">
            <label>Blog</label>
            <tab>aheadworks</tab>
            <resource>Aheadworks_Blog::config_aw_blog</resource>
            <group id="general" translate="label" type="text" sortOrder="10" showInDefault="1" showInWebsite="1" showInStore="1">
                <label>General</label>
                <field id="enabled" translate="label" type="select" sortOrder="10" showInDefault="1" showInWebsite="1" showInStore="0">
                    <label>Enabled</label>
                    <source_model>Magento\Config\Model\Config\Source\Yesno</source_model>
                </field>
                <field id="navigation_menu_link_enabled" translate="label comment" type="select" sortOrder="15" showInDefault="1" showInWebsite="1" showInStore="1">
                    <label>Add Blog To Main Navigation Menu</label>
                    <comment>If you disable this option, make sure to add a link to the blog in the footer links or anywhere else at your choice. Otherwise, Blog will be accessible only via a direct link.</comment>
                    <source_model>Magento\Config\Model\Config\Source\Yesno</source_model>
                </field>
                <field id="blog_title" translate="label" type="text" sortOrder="20" showInDefault="1" showInWebsite="1" showInStore="1">
                    <label>Blog Title</label>
                </field>
                <field id="route_to_blog" translate="label comment" type="text" sortOrder="30" showInDefault="1" showInWebsite="1" showInStore="0">
                    <label>Route to Blog</label>
                    <validate>required-entry</validate>
                    <backend_model>Aheadworks\Blog\Model\Config\Backend\Route\Blog</backend_model>
                    <comment><![CDATA[For example, "blog" makes the blog accessible at <u>domain.com/blog</u>]]></comment>
                </field>
                <field id="route_to_authors" translate="label" type="text" sortOrder="35" showInDefault="1" showInWebsite="1" showInStore="0">
                    <label>Route to Authors Page</label>
                    <validate>required-entry</validate>
                    <backend_model>Aheadworks\Blog\Model\Config\Backend\Route\Author</backend_model>
                </field>
                <field id="posts_per_page" translate="label" type="text" sortOrder="40" showInDefault="1" showInWebsite="1" showInStore="1">
                    <label>Posts per page</label>
                    <validate>required-entry integer validate-greater-than-zero</validate>
                </field>
                <field id="related_posts_qty" translate="label" type="text" sortOrder="50" showInDefault="1" showInWebsite="1" showInStore="1">
                    <label>Quantity Of Related Posts</label>
                    <validate>required-entry integer</validate>
                    <comment>Related posts are auto-picked basing on tags. If no matching tags were found, the "Recent posts" block will be shown instead.</comment>
                </field>
                <field id="display_sharing_buttons_at" translate="label" type="multiselect" sortOrder="60" showInDefault="1" showInWebsite="1" showInStore="0">
                    <label>Display Sharing Buttons At</label>
                    <source_model>Aheadworks\Blog\Model\Source\Post\SharingButtons\DisplayAt</source_model>
                    <can_be_empty>0</can_be_empty>
                </field>
                <field id="comments_enabled" translate="label" type="select" sortOrder="70" showInDefault="1" showInWebsite="1" showInStore="0">
                    <label>Comments Enabled</label>
                    <source_model>Magento\Config\Model\Config\Source\Yesno</source_model>
                </field>
                <field id="disqus_forum_code" translate="label comment" type="text" sortOrder="80" showInDefault="1" showInWebsite="1" showInStore="0">
                    <label>Disqus Forum Code</label>
                    <comment><![CDATA[<a href="https://aheadworks.atlassian.net/wiki/spaces/EUDOC/pages/1227948497/Blog+-+Magento+2#Blog-Magento2-RegisteringDisqus" target="_blank">How to set it up?</a>]]></comment>
                </field>
                <field id="disqus_secret_key" translate="label" type="text" sortOrder="90" showInDefault="1" showInWebsite="1" showInStore="0">
                    <label>Disqus Secret Key</label>
                </field>
                <field id="facebook_app_id" translate="label comment" type="text" sortOrder="100" showInDefault="1" showInWebsite="1" showInStore="0">
                    <label>Facebook App ID</label>
                    <comment><![CDATA[In order to use Facebook Insights you must add the app ID to your page. Insights lets you view analytics for traffic to your site from Facebook. Find the app ID in your App Dashboard.]]></comment>
                </field>
                <field id="twitter_site" translate="label comment" type="text" sortOrder="110" showInDefault="1" showInWebsite="1" showInStore="0">
                    <label>Default Twitter site account</label>
                    <frontend_model>Aheadworks\Blog\Block\Adminhtml\System\Config\Field\Text</frontend_model>
                    <backend_model>Aheadworks\Blog\Model\System\Config\TwitterValue</backend_model>
                    <comment><![CDATA[if @ symbol is missing, we add it automatically.]]></comment>
                </field>
            </group>
            <group id="sidebar" translate="label" type="text" sortOrder="20" showInDefault="1" showInWebsite="1" showInStore="1">
                <label>Sidebar</label>
                <field id="recent_posts" translate="label" type="text" sortOrder="10" showInDefault="1" showInWebsite="1" showInStore="1">
                    <label>Number of Recent Posts to Display</label>
                    <validate>required-entry integer validate-greater-than-zero</validate>
                </field>
                <field id="popular_tags" translate="label" type="text" sortOrder="20" showInDefault="1" showInWebsite="1" showInStore="1">
                    <label>Number of Most Popular Tags to Display</label>
                    <validate>required-entry integer validate-greater-than-zero</validate>
                </field>
                <field id="highlight_popular_tags" translate="label" type="select" sortOrder="30" showInDefault="1" showInWebsite="1" showInStore="1">
                    <label>Highlight Popular Tags</label>
                    <source_model>Magento\Config\Model\Config\Source\Yesno</source_model>
                </field>
                <field id="cms_block" translate="label" type="select" sortOrder="40" showInDefault="1" showInWebsite="1" showInStore="1">
                    <label>Sidebar CMS Block</label>
                    <source_model>Aheadworks\Blog\Model\Source\Config\Cms\Block</source_model>
                </field>
                <field id="category_listing_enabled" translate="label" type="select" sortOrder="50" showInDefault="1" showInWebsite="1" showInStore="1">
                    <label>Display Categories List in a Sidebar</label>
                    <source_model>Magento\Config\Model\Config\Source\Yesno</source_model>
                </field>
                <field id="category_listing_limit" translate="label comment" type="text" sortOrder="60" showInDefault="1" showInWebsite="1" showInStore="1">
                    <label>Maximum Number of Categories to Display</label>
                    <validate>integer</validate>
                    <comment><![CDATA[A threshold to display "Show X More" link. Set to 0 to show all categories.]]></comment>
                    <depends>
                        <field id="category_listing_enabled">1</field>
                    </depends>
                </field>
            </group>
            <group id="seo" translate="label" type="text" sortOrder="30" showInDefault="1" showInWebsite="1" showInStore="1">
                <label>SEO</label>
                <field id="are_meta_tags_enabled" translate="label,comment" type="select" sortOrder="9" showInDefault="1">
                    <label>Enable Meta Tags</label>
                    <source_model>Magento\Config\Model\Config\Source\Yesno</source_model>
                    <comment>Disable if you want to manage meta tags with a third-party solution.</comment>
                </field>
                <field id="meta_description" translate="label comment" type="textarea" sortOrder="10" showInDefault="1" showInWebsite="1" showInStore="1">
                    <label>Blog Meta Description</label>
                    <comment>Recommended max length is 156 characters</comment>
                </field>
                <field id="meta_keywords" translate="label" type="textarea" sortOrder="15" showInDefault="1" showInWebsite="1" showInStore="1">
                    <label>Blog Meta Keywords</label>
                </field>
                <field id="url_type" translate="label" type="select" sortOrder="20" showInDefault="1" showInWebsite="1" showInStore="1">
                    <label>URL structure</label>
                    <source_model>Aheadworks\Blog\Model\Source\Config\Seo\UrlType</source_model>
                </field>
                <field id="post_url_suffix" translate="label,comment" type="text" sortOrder="30" showInDefault="1" showInWebsite="1" showInStore="1">
                    <label>Post URL Suffix</label>
                    <backend_model>Aheadworks\Blog\Model\Config\Backend\Suffix\Post</backend_model>
                    <comment>You need to refresh the cache.</comment>
                </field>
                <field id="author_url_suffix" translate="label,comment" type="text" sortOrder="40" showInDefault="1" showInWebsite="1" showInStore="1">
                    <label>Author Page URL Suffix</label>
                    <backend_model>Aheadworks\Blog\Model\Config\Backend\Suffix\Author</backend_model>
                    <comment>You need to refresh the cache.</comment>
                </field>
                <field id="url_suffix_for_other_pages" translate="label,comment,tooltip" type="text" sortOrder="50" showInDefault="1" showInWebsite="1" showInStore="1">
                    <label>URL Suffix for all other pages</label>
                    <backend_model>Aheadworks\Blog\Model\Config\Backend\Suffix\Category</backend_model>
                    <comment>You need to refresh the cache.</comment>
                    <tooltip>Used for categories, authors page, blog home page and search by tag page</tooltip>
                </field>
                <field id="save_rewrites_history" translate="label" type="select" sortOrder="60" showInDefault="1" showInWebsite="1" showInStore="1">
                    <label>Create Permanent Redirect for URLs if URL Key Changed</label>
                    <source_model>Magento\Config\Model\Config\Source\Yesno</source_model>
                </field>
                <field id="category_canonical_tag" translate="label" type="select" sortOrder="80" showInDefault="1" showInWebsite="1" showInStore="1">
                    <label>Use Canonical Link Meta Tag For Categories</label>
                    <source_model>Magento\Config\Model\Config\Source\Yesno</source_model>
                </field>
                <field id="post_canonical_tag" translate="label" type="select" sortOrder="90" showInDefault="1" showInWebsite="1" showInStore="1">
                    <label>Use Canonical Link Meta Tag For Posts</label>
                    <source_model>Magento\Config\Model\Config\Source\Yesno</source_model>
                </field>
                <field id="author_canonical_tag" translate="label" type="select" sortOrder="100" showInDefault="1" showInWebsite="1" showInStore="1">
                    <label>Use Canonical Link Meta Tag For Authors</label>
                    <source_model>Magento\Config\Model\Config\Source\Yesno</source_model>
                </field>
                <field id="title_prefix" translate="label" type="text" sortOrder="110" showInDefault="1" showInWebsite="1" showInStore="1">
                    <label>Title Prefix</label>
                </field>
                <field id="title_suffix" translate="label" type="text" sortOrder="120" showInDefault="1" showInWebsite="1" showInStore="1">
                    <label>Title Suffix</label>
                </field>
                <field id="organization_name" translate="label,comment" type="text" sortOrder="140" showInDefault="1" showInWebsite="1" showInStore="1">
                    <label>Organization</label>
                    <comment>Will be used in structured data (JSON-LD)</comment>
                </field>
            </group>
            <group id="related_products" translate="label" type="text" sortOrder="40" showInDefault="1" showInWebsite="1" showInStore="1">
                <label>Related Products</label>
                <field id="display_posts_on_product_page" translate="label" type="select" sortOrder="10" showInDefault="1" showInWebsite="1" showInStore="1">
                    <label>Display Blog Posts Tab on Product Page</label>
                    <source_model>Magento\Config\Model\Config\Source\Yesno</source_model>
                </field>
                <field id="block_position" translate="label" type="select" sortOrder="20" showInDefault="1" showInWebsite="1" showInStore="1">
                    <label>Display Related Products Block on Post Page</label>
                    <source_model>Aheadworks\Blog\Model\Source\Config\Related\BlockPosition</source_model>
                </field>
                <field id="block_layout" translate="label" type="select" sortOrder="30" showInDefault="1" showInWebsite="1" showInStore="1">
                    <label>Related Products Block Layout</label>
                    <source_model>Aheadworks\Blog\Model\Source\Config\Related\BlockLayout</source_model>
                    <depends>
                        <field id="block_position" separator=",">after_post,after_comments</field>
                    </depends>
                </field>
                <field id="products_limit" translate="label" type="text" sortOrder="40" showInDefault="1" showInWebsite="1" showInStore="1">
                    <label>Max Products to Display</label>
                    <validate>required-entry</validate>
                    <depends>
                        <field id="block_position" separator=",">after_post,after_comments</field>
                        <field id="block_layout" separator=",">multiple_rows,slider</field>
                    </depends>
                </field>
                <field id="display_add_to_cart" translate="label" type="select" sortOrder="50" showInDefault="1" showInWebsite="1" showInStore="1">
                    <label>Display "Add to Cart" Button</label>
                    <source_model>Magento\Config\Model\Config\Source\Yesno</source_model>
                    <depends>
                        <field id="block_position" separator=",">after_post,after_comments</field>
                    </depends>
                </field>
            </group>
            <group id="wordpress_import" translate="label" type="text" sortOrder="50" showInDefault="1" showInWebsite="1" showInStore="1">
                <label>Wordpress Import</label>
                <field id="can_override" translate="label" type="select" sortOrder="10" showInDefault="1" showInWebsite="0" showInStore="0">
                    <label>Override existing posts with the same URL</label>
                    <source_model>Magento\Config\Model\Config\Source\Yesno</source_model>
                </field>
                <field id="import_file" translate="label" type="text" sortOrder="20" showInDefault="1" showInWebsite="0" showInStore="0">
                    <label>Import file</label>
                    <frontend_model>\Aheadworks\Blog\Block\Adminhtml\System\Config\Field\WordpressImport</frontend_model>
                </field>
            </group>
        </section>
        <section id="rss">
            <group id="aw_blog_rss" translate="label" type="text" sortOrder="5" showInDefault="1" showInWebsite="1" showInStore="1">
                <label>Aheadworks Blog</label>
                <field id="blog_posts" translate="label" type="select" sortOrder="5" showInDefault="1" showInWebsite="1" showInStore="1">
                    <label>Blog Posts</label>
                    <source_model>Magento\Config\Model\Config\Source\Enabledisable</source_model>
                </field>
            </group>
        </section>
    </system>
</config>
