<config xmlns:xsi="http://www.w3.org/2001/XMLSchema-instance" xsi:noNamespaceSchemaLocation="../../../../../lib/internal/Magento/Framework/ObjectManager/etc/config.xsd">
  <virtualType name="Dcw\CreditForm\Model\ResourceModel\Post\Grid\Collection" type="Magento\Framework\View\Element\UiComponent\DataProvider\SearchResult">
      <arguments>
          <argument name="mainTable" xsi:type="string">creditform</argument>
          <argument name="resourceModel" xsi:type="string">Dcw\CreditForm\Model\ResourceModel\Post</argument>
      </arguments>
  </virtualType>
    <type name="Magento\Framework\View\Element\UiComponent\DataProvider\CollectionFactory">
        <arguments>
            <argument name="collections" xsi:type="array">
                <item name="dcw_creditform_post_listing_data_source" xsi:type="string">Dcw\CreditForm\Model\ResourceModel\Post\Grid\Collection</item>
            </argument>
        </arguments>
    </type>

</config>
